smooth_term,x,partial_effect,lower_95,upper_95
WindSpeed,0.822,0.96677158,-2.17796288,4.11150604
WindSpeed,0.86068908,1.10673649,-1.69280866,3.90628164
WindSpeed,0.89937815,1.21531303,-1.29066321,3.72128926
WindSpeed,0.93806723,1.29364412,-0.9669972,3.55428545
WindSpeed,0.9767563,1.34287272,-0.71661105,3.40235649
WindSpeed,1.01544538,1.36414175,-0.53343735,3.26172084
WindSpeed,1.05413445,1.35859414,-0.41050612,3.1276944
WindSpeed,1.09282353,1.32737285,-0.34014332,2.99488903
WindSpeed,1.13151261,1.2716208,-0.31438522,2.85762683
WindSpeed,1.17020168,1.19248094,-0.32550491,2.71046679
WindSpeed,1.20889076,1.09109619,-0.36653095,2.54872333
WindSpeed,1.24757983,0.9686095,-0.43170002,2.36891901
WindSpeed,1.28626891,0.8261638,-0.51688158,2.16920917
WindSpeed,1.32495798,0.66490202,-0.6200924,1.94989644
WindSpeed,1.36364706,0.48596711,-0.74225824,1.71419247
WindSpeed,1.40233613,0.29147576,-0.88775971,1.47071122
WindSpeed,1.44102521,0.08734601,-1.06108125,1.23577326
WindSpeed,1.47971429,-0.11957657,-1.26189763,1.0227445
WindSpeed,1.51840336,-0.3224464,-1.48176024,0.83686745
WindSpeed,1.55709244,-0.51441792,-1.70405602,0.67522018
WindSpeed,1.59578151,-0.68864557,-1.90716699,0.52987586
WindSpeed,1.63447059,-0.83828377,-2.06848256,0.39191501
WindSpeed,1.67315966,-0.9568766,-2.1688385,0.2550853
WindSpeed,1.71184874,-1.04383034,-2.20968767,0.12202699
WindSpeed,1.75053782,-1.10308058,-2.20984927,0.00368811
WindSpeed,1.78922689,-1.13868036,-2.19161849,-0.08574224
WindSpeed,1.82791597,-1.15468274,-2.17660426,-0.13276122
WindSpeed,1.86660504,-1.15514077,-2.17974499,-0.13053654
WindSpeed,1.90529412,-1.14410749,-2.20406858,-0.08414639
WindSpeed,1.94398319,-1.12563595,-2.24101386,-0.01025804
WindSpeed,1.98267227,-1.10377921,-2.27582125,0.06826283
WindSpeed,2.02136134,-1.08256948,-2.29298889,0.12784993
WindSpeed,2.06005042,-1.06434157,-2.2828604,0.15417727
WindSpeed,2.0987395,-1.0485033,-2.24616132,0.14915472
WindSpeed,2.13742857,-1.03417265,-2.18795033,0.11960504
WindSpeed,2.17611765,-1.02046758,-2.11573074,0.07479557
WindSpeed,2.21480672,-1.00650608,-2.03872522,0.02571305
WindSpeed,2.2534958,-0.99140612,-1.96705796,-0.01575429
WindSpeed,2.29218487,-0.97428567,-1.91017825,-0.03839309
WindSpeed,2.33087395,-0.9542627,-1.87427286,-0.03425254
WindSpeed,2.36956303,-0.93045519,-1.85966776,-0.00124261
WindSpeed,2.4082521,-0.90198152,-1.86020986,0.05624682
WindSpeed,2.44694118,-0.86824989,-1.8661359,0.12963611
WindSpeed,2.48563025,-0.8294642,-1.86980631,0.21087791
WindSpeed,2.52431933,-0.7859637,-1.86653433,0.29460692
WindSpeed,2.5630084,-0.73808767,-1.85375006,0.37757471
WindSpeed,2.60169748,-0.68617537,-1.83033946,0.45798873
WindSpeed,2.64038655,-0.63056605,-1.79615997,0.53502786
WindSpeed,2.67907563,-0.57159899,-1.75171501,0.60851702
WindSpeed,2.71776471,-0.50961345,-1.69794053,0.67871363
WindSpeed,2.75645378,-0.44494868,-1.63606302,0.74616565
WindSpeed,2.79514286,-0.37794396,-1.56750089,0.81161296
WindSpeed,2.83383193,-0.30893855,-1.4937905,0.8759134
WindSpeed,2.87252101,-0.23827171,-1.41652519,0.93998176
WindSpeed,2.91121008,-0.16628271,-1.33729994,1.00473452
WindSpeed,2.94989916,-0.0933108,-1.25765837,1.07103677
WindSpeed,2.98858824,-0.01969526,-1.17904167,1.13965115
WindSpeed,3.02727731,0.05422503,-1.10274093,1.21119099
WindSpeed,3.06596639,0.12820317,-1.02955999,1.28596632
WindSpeed,3.10465546,0.2022045,-0.9594823,1.3638913
WindSpeed,3.14334454,0.27622421,-0.89236632,1.44481474
WindSpeed,3.18203361,0.35025747,-0.82805575,1.52857069
WindSpeed,3.22072269,0.42429946,-0.76638383,1.61498275
WindSpeed,3.25941176,0.49834535,-0.7071776,1.70386831
WindSpeed,3.29810084,0.57239034,-0.65026188,1.79504255
WindSpeed,3.33678992,0.64642958,-0.59546279,1.88832195
WindSpeed,3.37547899,0.72045827,-0.54261073,1.98352727
WindSpeed,3.41416807,0.79447157,-0.4915428,2.08048595
WindSpeed,3.45285714,0.86846468,-0.44210454,2.17903389
WindSpeed,3.49154622,0.94243275,-0.39415121,2.27901672
WindSpeed,3.53023529,1.01637098,-0.34754857,2.38029054
WindSpeed,3.56892437,1.09027455,-0.30217324,2.48272233
WindSpeed,3.60761345,1.16413861,-0.25791275,2.58618997
WindSpeed,3.64630252,1.23795837,-0.21466538,2.69058212
WindSpeed,3.6849916,1.31172899,-0.17233977,2.79579775
WindSpeed,3.72368067,1.38544565,-0.13085445,2.90174576
WindSpeed,3.76236975,1.45910354,-0.09013724,3.00834432
WindSpeed,3.80105882,1.53269782,-0.05012468,3.11552031
WindSpeed,3.8397479,1.60622367,-0.01076136,3.2232087
WindSpeed,3.87843697,1.67967628,0.02800069,3.33135188
WindSpeed,3.91712605,1.75305083,0.06620256,3.43989909
WindSpeed,3.95581513,1.82634248,0.10387913,3.54880583
WindSpeed,3.9945042,1.89954642,0.14105952,3.65803332
WindSpeed,4.03319328,1.97265782,0.17776766,3.76754799
WindSpeed,4.07188235,2.04567187,0.21402276,3.87732099
WindSpeed,4.11057143,2.11858374,0.2498397,3.98732779
WindSpeed,4.1492605,2.19138861,0.28522948,4.09754775
WindSpeed,4.18794958,2.26408166,0.32019955,4.20796377
WindSpeed,4.22663866,2.33665806,0.35475417,4.31856195
WindSpeed,4.26532773,2.40911299,0.38889468,4.4293313
WindSpeed,4.30401681,2.48144164,0.42261982,4.54026345
WindSpeed,4.34270588,2.55363917,0.45592594,4.6513524
WindSpeed,4.38139496,2.62570077,0.48880724,4.7625943
WindSpeed,4.42008403,2.69762162,0.521256,4.87398723
WindSpeed,4.45877311,2.76939688,0.55326274,4.98553103
WindSpeed,4.49746218,2.84102175,0.58481639,5.0972271
WindSpeed,4.53615126,2.91249139,0.6159045,5.20907829
WindSpeed,4.57484034,2.983801,0.64651331,5.32108868
WindSpeed,4.61352941,3.05494573,0.67662792,5.43326354
WindSpeed,4.65221849,3.12592078,0.70623243,5.54560913
WindSpeed,4.69090756,3.19672131,0.73531,5.65813263
WindSpeed,4.72959664,3.26734252,0.763843,5.77084204
WindSpeed,4.76828571,3.33777957,0.79181308,5.88374606
WindSpeed,4.80697479,3.40802764,0.81920125,5.99685404
WindSpeed,4.84566387,3.47808192,0.84598797,6.11017586
WindSpeed,4.88435294,3.54793757,0.87215324,6.2237219
WindSpeed,4.92304202,3.61758978,0.89767664,6.33750292
WindSpeed,4.96173109,3.68703373,0.92253741,6.45153005
WindSpeed,5.00042017,3.75626459,0.94671449,6.56581469
WindSpeed,5.03910924,3.82527754,0.9701866,6.68036848
WindSpeed,5.07779832,3.89406776,0.99293229,6.79520323
WindSpeed,5.11648739,3.96263042,1.01492995,6.91033089
WindSpeed,5.15517647,4.03096071,1.03615791,7.02576352
WindSpeed,5.19386555,4.09905381,1.05659443,7.14151319
WindSpeed,5.23255462,4.16690488,1.07621776,7.257592
WindSpeed,5.2712437,4.23450911,1.09500617,7.37401205
WindSpeed,5.30993277,4.30186168,1.11293801,7.49078534
WindSpeed,5.34862185,4.36895776,1.12999169,7.60792383
WindSpeed,5.38731092,4.43579253,1.14614573,7.72543934
WindSpeed,5.426,4.50236118,1.1613788,7.84334355
Humidity,22.034,5.37745521,1.40497283,9.34993759
Humidity,22.61588235,4.70366727,0.91816068,8.48917386
Humidity,23.19776471,4.07371697,0.45849379,7.68894014
Humidity,23.77964706,3.48629584,0.02596205,6.94662962
Humidity,24.36152941,2.94009542,-0.3794355,6.25962634
Humidity,24.94341176,2.43380725,-0.75770679,5.6253213
Humidity,25.52529412,1.96612286,-1.10888369,5.04112941
Humidity,26.10717647,1.5357338,-1.43303861,4.5045062
Humidity,26.68905882,1.14133158,-1.73029996,4.01296313
Humidity,27.27094118,0.78160776,-2.00086525,3.56408078
Humidity,27.85282353,0.45525387,-2.24501132,3.15551905
Humidity,28.43470588,0.16096144,-2.4631013,2.78502417
Humidity,29.01658824,-0.102578,-2.65558821,2.45043222
Humidity,29.59847059,-0.33667289,-2.82301539,2.1496696
Humidity,30.18035294,-0.54263172,-2.96601405,1.88075061
Humidity,30.76223529,-0.72176293,-3.08529863,1.64177277
Humidity,31.34411765,-0.87537501,-3.18166037,1.43091036
Humidity,31.926,-1.0047764,-3.25595976,1.24640696
Humidity,32.50788235,-1.11127558,-3.30911853,1.08656738
Humidity,33.08976471,-1.196181,-3.34211169,0.94974968
Humidity,33.67164706,-1.26080114,-3.35596012,0.83435784
Humidity,34.25352941,-1.30644445,-3.35172438,0.73883547
Humidity,34.83541176,-1.33441941,-3.33050008,0.66166127
Humidity,35.41729412,-1.34603446,-3.29341546,0.60134654
Humidity,35.99917647,-1.34259808,-3.24163161,0.55643545
Humidity,36.58105882,-1.32541874,-3.17634615,0.52550867
Humidity,37.16294118,-1.29580489,-3.09880079,0.50719101
Humidity,37.74482353,-1.255065,-3.01029396,0.50016397
Humidity,38.32670588,-1.20450753,-2.91219916,0.50318411
Humidity,38.90858824,-1.14544095,-2.80599042,0.51510853
Humidity,39.49047059,-1.07917372,-2.69327597,0.53492853
Humidity,40.07235294,-1.0070143,-2.57584126,0.56181266
Humidity,40.65423529,-0.93030627,-2.45576126,0.59514872
Humidity,41.23611765,-0.85076988,-2.33596309,0.63442333
Humidity,41.818,-0.77035436,-2.21973678,0.67902806
Humidity,42.39988235,-0.69101213,-2.11016358,0.72813931
Humidity,42.98176471,-0.61469564,-2.00997287,0.78058159
Humidity,43.56364706,-0.54335731,-1.92142749,0.83471286
Humidity,44.14552941,-0.4789496,-1.84625269,0.8883535
Humidity,44.72741176,-0.42342492,-1.78562446,0.93877462
Humidity,45.30929412,-0.37873572,-1.74022038,0.98274893
Humidity,45.89117647,-0.34683444,-1.71032232,1.01665344
Humidity,46.47305882,-0.32967351,-1.69595148,1.03660445
Humidity,47.05494118,-0.32920537,-1.69701583,1.03860508
Humidity,47.63682353,-0.34738246,-1.71345745,1.01869253
Humidity,48.21870588,-0.3861572,-1.74539836,0.97308395
Humidity,48.80058824,-0.44748205,-1.7932952,0.8983311
Humidity,49.38247059,-0.53330808,-1.85812415,0.791508
Humidity,49.96435294,-0.64430103,-1.94091933,0.65231727
Humidity,50.54623529,-0.7774506,-2.0414639,0.4865627
Humidity,51.12811765,-0.92909351,-2.15958384,0.30139683
Humidity,51.71,-1.09556647,-2.29521398,0.10408105
Humidity,52.29188235,-1.27320619,-2.44805943,-0.09835295
Humidity,52.87376471,-1.4583494,-2.61718925,-0.29950955
Humidity,53.45564706,-1.64733281,-2.80062436,-0.49404126
Humidity,54.03752941,-1.83649314,-2.99503571,-0.67795056
Humidity,54.61941176,-2.0221671,-3.19566466,-0.84866953
Humidity,55.20129412,-2.20069141,-3.39649799,-1.00488482
Humidity,55.78317647,-2.36840279,-3.5906252,-1.14618038
Humidity,56.36505882,-2.52163795,-3.77065385,-1.27262205
Humidity,56.94694118,-2.65673361,-3.92908319,-1.38438404
Humidity,57.52882353,-2.7700265,-4.05859928,-1.48145372
Humidity,58.11070588,-2.85785331,-4.15231098,-1.56339564
Humidity,58.69258824,-2.91712255,-4.20500451,-1.62924059
Humidity,59.27447059,-2.94802147,-4.21818313,-1.6778598
Humidity,59.85635294,-2.95190389,-4.1961843,-1.70762348
Humidity,60.43823529,-2.93012508,-4.1438756,-1.71637456
Humidity,61.02011765,-2.88404027,-4.06644293,-1.70163762
Humidity,61.602,-2.81500473,-3.96913345,-1.66087601
Humidity,62.18388235,-2.72437368,-3.85690946,-1.59183791
Humidity,62.76576471,-2.6135024,-3.73401999,-1.49298481
Humidity,63.34764706,-2.48374612,-3.60356897,-1.36392326
Humidity,63.92952941,-2.33646009,-3.46721835,-1.20570182
Humidity,64.51141176,-2.17299956,-3.32514913,-1.02084998
Humidity,65.09329412,-1.99471978,-3.17630046,-0.8131391
Humidity,65.67517647,-1.80297601,-3.01878855,-0.58716346
Humidity,66.25705882,-1.59912348,-2.85036316,-0.3478838
Humidity,66.83894118,-1.38451745,-2.66880246,-0.10023243
Humidity,67.42082353,-1.16051344,-2.47222697,0.15120009
Humidity,68.00270588,-0.92851009,-2.26023315,0.40321297
Humidity,68.58458824,-0.68999582,-2.03501557,0.65502394
Humidity,69.16647059,-0.44647024,-1.79961152,0.90667104
Humidity,69.74835294,-0.19943298,-1.55743085,1.1585649
Humidity,70.33023529,0.04961635,-1.31205629,1.41128899
Humidity,70.91211765,0.29917811,-1.06706366,1.66541989
Humidity,71.494,0.5477527,-0.82585088,1.92135628
Humidity,72.07588235,0.79384049,-0.59147958,2.17916056
Humidity,72.65776471,1.03594186,-0.36654451,2.43842823
Humidity,73.23964706,1.27255719,-0.15309065,2.69820503
Humidity,73.82152941,1.50218686,0.04740683,2.95696688
Humidity,74.40341176,1.72333124,0.23399641,3.21266607
Humidity,74.98529412,1.93449072,0.40614868,3.46283277
Humidity,75.56717647,2.13416568,0.56361882,3.70471254
Humidity,76.14905882,2.3208565,0.7062939,3.93541909
Humidity,76.73094118,2.49306989,0.83404392,4.15209586
Humidity,77.31282353,2.65019451,0.94719213,4.35319689
Humidity,77.89470588,2.79339671,1.04705394,4.53973948
Humidity,78.47658824,2.92405647,1.13488186,4.71323108
Humidity,79.05847059,3.04355378,1.21179584,4.87531173
Humidity,79.64035294,3.15326862,1.27883923,5.02769802
Humidity,80.22223529,3.25458097,1.33701262,5.17214932
Humidity,80.80411765,3.34887081,1.38728925,5.31045237
Humidity,81.386,3.43751811,1.43061501,5.44442122
Humidity,81.96788235,3.52190287,1.46789548,5.57591026
Humidity,82.54976471,3.60340506,1.4999724,5.70683772
Humidity,83.13164706,3.68340466,1.52759184,5.83921748
Humidity,83.71352941,3.76328166,1.55136681,5.9751965
Humidity,84.29541176,3.84441603,1.57173705,6.117095
Humidity,84.87729412,3.92818775,1.58892973,6.26744577
Humidity,85.45917647,4.01597681,1.60292488,6.42902874
Humidity,86.04105882,4.10916319,1.61343012,6.60489626
Humidity,86.62294118,4.20912687,1.61986923,6.7983845
Humidity,87.20482353,4.31724782,1.62138866,7.01310698
Humidity,87.78670588,4.43490603,1.61688428,7.25292779
Humidity,88.36858824,4.56348149,1.60504854,7.52191444
Humidity,88.95047059,4.70435417,1.58443435,7.82427398
Humidity,89.53235294,4.85890404,1.55352938,8.16427871
Humidity,90.11423529,5.0285111,1.51083158,8.54619063
Humidity,90.69611765,5.21455533,1.45491698,8.97419368
Humidity,91.278,5.4184167,1.38449216,9.45234124
NO2,4.49452,-18.14535863,-22.83195821,-13.45875905
NO2,4.94974017,-17.58349202,-21.75175626,-13.41522777
NO2,5.40496034,-17.06722704,-20.79542171,-13.33903237
NO2,5.8601805,-16.59121014,-19.94810349,-13.23431679
NO2,6.31540067,-16.15008776,-19.19507887,-13.10509664
NO2,6.77062084,-15.73850633,-18.52207516,-12.95493751
NO2,7.22584101,-15.35111232,-17.91558968,-12.78663495
NO2,7.68106118,-14.98255214,-17.36312914,-12.60197514
NO2,8.13628134,-14.62747225,-16.85330447,-12.40164003
NO2,8.59150151,-14.28051909,-16.37575639,-12.18528178
NO2,9.04672168,-13.93633909,-15.92093462,-11.95174357
NO2,9.50194185,-13.58957871,-15.47979503,-11.69936239
NO2,9.95716202,-13.23488438,-15.04350445,-11.42626431
NO2,10.41238218,-12.86690254,-14.60324985,-11.13055524
NO2,10.86760235,-12.48027964,-14.15023992,-10.81031937
NO2,11.32282252,-12.06966212,-13.67597464,-10.4633496
NO2,11.77804269,-11.62971579,-13.17288798,-10.08654359
NO2,12.23326286,-11.15898196,-12.64041151,-9.67755241
NO2,12.68848303,-10.66453777,-12.09112606,-9.23794947
NO2,13.14370319,-10.15459831,-11.53912603,-8.77007058
NO2,13.59892336,-9.63737867,-10.99638361,-8.27837373
NO2,14.05414353,-9.12109395,-10.47108699,-7.77110091
NO2,14.5093637,-8.61395924,-9.96709236,-7.26082613
NO2,14.96458387,-8.12418964,-9.48473056,-6.76364871
NO2,15.41980403,-7.66000023,-9.02253345,-6.297467
NO2,15.8750242,-7.2296061,-8.57926247,-5.87994973
NO2,16.33024437,-6.83907747,-8.15540725,-5.52274769
NO2,16.78546454,-6.48382006,-7.75226595,-5.21537416
NO2,17.24068471,-6.15593149,-7.37344682,-4.93841616
NO2,17.69590487,-5.84750838,-7.02366629,-4.67135046
NO2,18.15112504,-5.55064732,-6.70577293,-4.3955217
NO2,18.60634521,-5.25744493,-6.41729266,-4.09759719
NO2,19.06156538,-4.9599978,-6.14818965,-3.77180596
NO2,19.51678555,-4.65040256,-5.88147626,-3.41932886
NO2,19.97200571,-4.3207558,-5.59607991,-3.04543169
NO2,20.42722588,-3.96364276,-5.27088029,-2.65640523
NO2,20.88244605,-3.57744156,-4.89757994,-2.25730317
NO2,21.33766622,-3.16432182,-4.47848879,-1.85015485
NO2,21.79288639,-2.72651885,-4.01853095,-1.43450676
NO2,22.24810655,-2.26626796,-3.52425457,-1.00828135
NO2,22.70332672,-1.78580444,-3.00330955,-0.56829933
NO2,23.15854689,-1.28736359,-2.46401097,-0.11071621
NO2,23.61376706,-0.77318071,-1.91478989,0.36842846
NO2,24.06898723,-0.24549112,-1.36340694,0.87242471
NO2,24.52420739,0.2934699,-0.81597417,1.40291397
NO2,24.97942756,0.84146704,-0.27608509,1.95901917
NO2,25.43464773,1.396265,0.25551964,2.53701036
NO2,25.8898679,1.95562847,0.78054932,3.13070762
NO2,26.34508807,2.51755538,1.30227794,3.73283282
NO2,26.80030824,3.08133483,1.82428776,4.33838191
NO2,27.2555284,3.64670031,2.34908906,4.94431156
NO2,27.71074857,4.21338568,2.87813096,5.5486404
NO2,28.16596874,4.78112483,3.4120764,6.15017326
NO2,28.62118891,5.34965164,3.95101851,6.74828477
NO2,29.07640908,5.91869999,4.49464103,7.34275895
NO2,29.53162924,6.48800376,5.04233528,7.93367223
NO2,29.98684941,7.05729682,5.59328652,8.52130713
NO2,30.44206958,7.62631307,6.1465398,9.10608634
NO2,30.89728975,8.19478638,6.70105306,9.68851969
NO2,31.35250992,8.76245062,7.25574221,10.26915904
NO2,31.80773008,9.32903969,7.80952146,10.84855792
NO2,32.26295025,9.89428745,8.36134046,11.42723445
NO2,32.71817042,10.4579278,8.91021821,12.00563739
NO2,33.17339059,11.01969461,9.45527323,12.58411598
NO2,33.62861076,11.57932175,9.99574838,13.16289513
NO2,34.08383092,12.13654312,10.53102872,13.74205752
NO2,34.53905109,12.69109259,11.06065123,14.32153394
NO2,34.99427126,13.24270404,11.58430548,14.90110259
NO2,35.44949143,13.79111135,12.10182557,15.48039712
NO2,35.9047116,14.3360484,12.61317436,16.05892243
NO2,36.35993176,14.87724907,13.11842158,16.63607656
NO2,36.81515193,15.4144675,13.61772895,17.21120605
NO2,37.2703721,15.94752525,14.11130978,17.78374072
NO2,37.72559227,16.47625793,14.59932948,18.35318638
NO2,38.18081244,17.00050114,15.08189647,18.91910582
NO2,38.63603261,17.52009049,15.55906933,19.48111165
NO2,39.09125277,18.03486158,16.03086347,20.03885969
NO2,39.54647294,18.54465002,16.49725722,20.59204281
NO2,40.00169311,19.0492914,16.9581972,21.1403856
NO2,40.45691328,19.54862134,17.41360299,21.68363968
NO2,40.91213345,20.04247543,17.86337114,22.22157972
NO2,41.36735361,20.53068928,18.30737854,22.75400003
NO2,41.82257378,21.0130985,18.7454852,23.28071181
NO2,42.27779395,21.48953869,19.17753654,23.80154084
NO2,42.73301412,21.95984545,19.60336525,24.31632566
NO2,43.18823429,22.42385439,20.02279267,24.82491611
NO2,43.64345445,22.88140111,20.43562996,25.32717226
NO2,44.09867462,23.33232121,20.84167879,25.82296363
NO2,44.55389479,23.77645031,21.24073196,26.31216866
NO2,45.00911496,24.21362399,21.6325736,26.79467439
NO2,45.46433513,24.64367788,22.01697934,27.27037641
NO2,45.91955529,25.06644756,22.39371623,27.73917889
NO2,46.37477546,25.48176865,22.76254248,28.20099481
NO2,46.82999563,25.88947675,23.12320721,28.65574628
NO2,47.2852158,26.28940746,23.47544997,29.10336495
NO2,47.74043597,26.68139639,23.81900028,29.5437925
NO2,48.19565613,27.06527914,24.15357707,29.97698121
NO2,48.6508763,27.44089132,24.47888815,30.40289448
NO2,49.10609647,27.80806852,24.7946296,30.82150744
NO2,49.56131664,28.16664636,25.1004852,31.23280752
NO2,50.01653681,28.51646044,25.39612595,31.63679492
NO2,50.47175697,28.85734635,25.68120955,32.03348315
NO2,50.92697714,29.18913971,25.95538005,32.42289938
NO2,51.38219731,29.51167613,26.21826752,32.80508473
NO2,51.83741748,29.82479119,26.46948791,33.18009448
NO2,52.29263765,30.12832052,26.70864296,33.54799807
NO2,52.74785782,30.4220997,26.93532036,33.90887904
NO2,53.20307798,30.70596435,27.14909399,34.26283471
NO2,53.65829815,30.97975007,27.34952437,34.60997577
NO2,54.11351832,31.24329246,27.53615928,34.95042565
NO2,54.56873849,31.49642713,27.70853456,35.28431971
NO2,55.02395866,31.73898969,27.86617506,35.61180431
NO2,55.47917882,31.97081572,28.00859579,35.93303565
NO2,55.93439899,32.19174085,28.13530316,36.24817855
NO2,56.38961916,32.40160067,28.24579634,36.55740501
NO2,56.84483933,32.60023079,28.33956877,36.86089281
NO2,57.3000595,32.78746681,28.41610968,37.15882394
NO2,57.75527966,32.96314434,28.47490562,37.45138306
NO2,58.21049983,33.12709898,28.515442,37.73875595
NO2,58.66572,33.27916633,28.53720462,38.02112804
CO,0.18962,-11.4115551,-15.10593051,-7.7171797
CO,0.19709277,-11.40576804,-14.7916208,-8.01991528
CO,0.20456555,-11.37138564,-14.49656177,-8.24620952
CO,0.21203832,-11.31121376,-14.2180942,-8.40433333
CO,0.21951109,-11.22805827,-13.95322573,-8.50289082
CO,0.22698387,-11.12472503,-13.69879793,-8.55065213
CO,0.23445664,-11.00401991,-13.45170265,-8.55633716
CO,0.24192941,-10.86874876,-13.20910568,-8.52839184
CO,0.24940218,-10.72171745,-12.96863819,-8.47479671
CO,0.25687496,-10.56573185,-12.72853387,-8.40292982
CO,0.26434773,-10.40359781,-12.48771267,-8.31948295
CO,0.2718205,-10.23812121,-12.24583284,-8.23040957
CO,0.27929328,-10.0721079,-12.00334595,-8.14086985
CO,0.28676605,-9.90836375,-11.76159843,-8.05512906
CO,0.29423882,-9.74955681,-11.52294592,-7.97616771
CO,0.3017116,-9.59571549,-11.28942373,-7.90200724
CO,0.30918437,-9.44449309,-11.06252459,-7.82646158
CO,0.31665714,-9.29345824,-10.84384935,-7.74306713
CO,0.32412992,-9.14017958,-10.63435485,-7.6460043
CO,0.33160269,-8.98222571,-10.43353959,-7.53091184
CO,0.33907546,-8.81716528,-10.23880245,-7.39552811
CO,0.34654824,-8.6425669,-10.0452019,-7.23993189
CO,0.35402101,-8.45599919,-9.8457315,-7.06626687
CO,0.36149378,-8.25503078,-9.63202363,-6.87803793
CO,0.36896655,-8.0372303,-9.39527371,-6.67918689
CO,0.37643933,-7.80016637,-9.12724359,-6.47308915
CO,0.3839121,-7.54176869,-8.82261119,-6.2609262
CO,0.39138487,-7.26215845,-8.48607848,-6.03823842
CO,0.39885765,-6.96227915,-8.12736705,-5.79719125
CO,0.40633042,-6.64307576,-7.75725164,-5.52889989
CO,0.41380319,-6.30549326,-7.38577607,-5.22521044
CO,0.42127597,-5.95047661,-7.01985151,-4.8811017
CO,0.42874874,-5.57897078,-6.66112074,-4.49682081
CO,0.43622151,-5.19192074,-6.30549738,-4.0783441
CO,0.44369429,-4.79027147,-5.94473179,-3.63581114
CO,0.45116706,-4.37496793,-5.56882245,-3.1811134
CO,0.45863983,-3.94695509,-5.16799981,-2.72591037
CO,0.46611261,-3.50720344,-4.73550614,-2.27890074
CO,0.47358538,-3.05678801,-4.27321254,-1.84036347
CO,0.48105815,-2.5968106,-3.78698343,-1.40663776
CO,0.48853092,-2.12837302,-3.28430117,-0.97244486
CO,0.4960037,-1.65257707,-2.77358081,-0.53157333
CO,0.50347647,-1.17052457,-2.26335848,-0.07769066
CO,0.51094924,-0.68331732,-1.76115413,0.3945195
CO,0.51842202,-0.19205712,-1.27212565,0.88801141
CO,0.52589479,0.30215422,-0.79803535,1.40234379
CO,0.53336756,0.79821489,-0.33712141,1.93355119
CO,0.54084034,1.29502309,0.1150467,2.47499948
CO,0.54831311,1.79160261,0.56413696,3.01906826
CO,0.55578588,2.28780557,1.01483613,3.56077502
CO,0.56325866,2.78381955,1.46997383,4.09766526
CO,0.57073143,3.27983305,1.9310539,4.6286122
CO,0.5782042,3.77603461,2.39867109,5.15339813
CO,0.58567697,4.27261274,2.87280057,5.6724249
CO,0.59314975,4.76975596,3.35299629,6.18651563
CO,0.60062252,5.26765279,3.83852971,6.69677588
CO,0.60809529,5.76649176,4.32849227,7.20449126
CO,0.61556807,6.26646138,4.82187691,7.71104585
CO,0.62304084,6.76775018,5.31764843,8.21785193
CO,0.63051361,7.27054667,5.81480785,8.7262855
CO,0.63798639,7.77503938,6.31245258,9.23762618
CO,0.64545916,8.28141683,6.80983115,9.75300251
CO,0.65293193,8.78986753,7.30638899,10.27334607
CO,0.66040471,9.30058,7.8018011,10.79935891
CO,0.66787748,9.81374273,8.29598741,11.33149805
CO,0.67535025,10.32949529,8.7891349,11.86985568
CO,0.68282303,10.84783741,9.28163691,12.41403792
CO,0.6902958,11.36874399,9.77389011,12.96359788
CO,0.69776857,11.8921899,10.26626169,13.51811811
CO,0.70524134,12.41815003,10.75908616,14.0772139
CO,0.71271412,12.94659926,11.25266387,14.64053466
CO,0.72018689,13.47751247,11.74726108,15.20776386
CO,0.72765966,14.01086455,12.24311106,15.77861804
CO,0.73513244,14.54663038,12.74041573,16.35284502
CO,0.74260521,15.08478483,13.2393479,16.93022177
CO,0.75007798,15.62530281,13.74005356,17.51055205
CO,0.75755076,16.16815918,14.24265427,18.09366408
CO,0.76502353,16.71332883,14.74724947,18.67940818
CO,0.7724963,17.26078664,15.25391873,19.26765455
CO,0.77996908,17.8105075,15.76272373,19.85829128
CO,0.78744185,18.36246629,16.27371014,20.45122244
CO,0.79491462,18.91663789,16.78690935,21.04636643
CO,0.80238739,19.47299719,17.30233991,21.64365447
CO,0.80986017,20.03151907,17.8200089,22.24302923
CO,0.81733294,20.59217841,18.33991312,22.84444369
CO,0.82480571,21.15495009,18.8620401,23.44786008
CO,0.83227849,21.719809,19.38636906,24.05324893
CO,0.83975126,22.28673001,19.91287173,24.6605883
CO,0.84722403,22.85568803,20.44151299,25.26986306
CO,0.85469681,23.42665791,20.97225158,25.88106425
CO,0.86216958,23.99961456,21.5050406,26.49418852
CO,0.86964235,24.57453285,22.03982802,27.10923768
CO,0.87711513,25.15138766,22.5765571,27.72621823
CO,0.8845879,25.73015388,23.11516679,28.34514098
CO,0.89206067,26.3108064,23.65559208,28.96602071
CO,0.89953345,26.89332008,24.19776428,29.58887588
CO,0.90700622,27.47766982,24.74161134,30.21372831
CO,0.91447899,28.06383051,25.28705808,30.84060294
CO,0.92195176,28.65177701,25.83402643,31.4695276
CO,0.92942454,29.24148422,26.38243567,32.10053277
CO,0.93689731,29.83292702,26.93220263,32.73365141
CO,0.94437008,30.42608029,27.48324186,33.36891872
CO,0.95184286,31.02091891,28.03546586,34.00637197
CO,0.95931563,31.61741778,28.58878521,34.64605034
CO,0.9667884,32.21555176,29.1431088,35.28799471
CO,0.97426118,32.81529574,29.69834396,35.93224753
CO,0.98173395,33.41662461,30.25439662,36.5788526
CO,0.98920672,34.01951326,30.81117153,37.22785498
CO,0.9966795,34.62393655,31.36857234,37.87930076
CO,1.00415227,35.22986938,31.92650183,38.53323692
CO,1.01162504,35.83728662,32.48486203,39.18971122
CO,1.01909782,36.44616317,33.04355438,39.84877195
CO,1.02657059,37.0564739,33.6024799,40.51046789
CO,1.03404336,37.66819369,34.16153933,41.17484806
CO,1.04151613,38.28129744,34.72063325,41.84196164
CO,1.04898891,38.89576002,35.27966227,42.51185777
CO,1.05646168,39.51155632,35.83852714,43.1845855
CO,1.06393445,40.12866121,36.39712888,43.86019354
CO,1.07140723,40.74704959,36.95536894,44.53873023
CO,1.07888,41.36669633,37.51314927,45.22024338
O3,8.6474,-20.316699,-24.9398484,-15.69354959
O3,9.89997664,-19.60303878,-23.74913804,-15.45693952
O3,11.15255328,-18.8641525,-22.63019673,-15.09810827
O3,12.40512992,-18.10239774,-21.56917724,-14.63561823
O3,13.65770655,-17.32013206,-20.55153583,-14.0887283
O3,14.91028319,-16.51971307,-19.5634745,-13.47595164
O3,16.16285983,-15.70349833,-18.59326537,-12.81373129
O3,17.41543647,-14.87384543,-17.63208442,-12.11560644
O3,18.66801311,-14.03311196,-16.6742476,-11.39197631
O3,19.92058975,-13.18365549,-15.71696243,-10.65034855
O3,21.17316639,-12.3278336,-14.75978622,-9.89588099
O3,22.42574303,-11.46800389,-13.80395528,-9.13205249
O3,23.67831966,-10.60652392,-12.85169345,-8.36135439
O3,24.9308963,-9.74575129,-11.90556896,-7.58593362
O3,26.18347294,-8.88804357,-10.96795684,-6.80813029
O3,27.43604958,-8.03575834,-10.04067087,-6.03084581
O3,28.68862622,-7.1912532,-9.12483725,-5.25766915
O3,29.94120286,-6.3568861,-8.22108435,-4.49268785
O3,31.1937795,-5.53562385,-7.331357,-3.7398907
O3,32.44635613,-4.73227411,-6.46227132,-3.0022769
O3,33.69893277,-3.95199114,-5.62203242,-2.28194987
O3,34.95150941,-3.19992919,-4.81889103,-1.58096735
O3,36.20408605,-2.48124251,-4.06026307,-0.90222196
O3,37.45666269,-1.80108536,-3.35197452,-0.2501962
O3,38.70923933,-1.16461198,-2.69780827,0.36858432
O3,39.96181597,-0.57697663,-2.0994918,0.94553854
O3,41.21439261,-0.04333355,-1.5571249,1.4704578
O3,42.46696924,0.43116299,-1.0699126,1.93223859
O3,43.71954588,0.84135875,-0.63705187,2.31976937
O3,44.97212252,1.18219299,-0.25870163,2.6230876
O3,46.22469916,1.45385483,0.06510918,2.84260048
O3,47.4772758,1.66447,0.33530514,2.99363485
O3,48.72985244,1.82282396,0.55150348,3.09414443
O3,49.98242908,1.93770219,0.71310266,3.16230172
O3,51.23500571,2.01789018,0.82117764,3.21460272
O3,52.48758235,2.07217341,0.88063305,3.26371377
O3,53.74015899,2.10933735,0.9016252,3.31704951
O3,54.99273563,2.13816749,0.89931098,3.37702401
O3,56.24531227,2.16744931,0.89210884,3.44278978
O3,57.49788891,2.20596828,0.8995715,3.51236507
O3,58.75046555,2.26234106,0.94039558,3.58428655
O3,60.00304218,2.34018438,1.02234064,3.65802811
O3,61.25561882,2.43740248,1.14012514,3.73467982
O3,62.50819546,2.5515875,1.28582341,3.81735159
O3,63.7607721,2.68033155,1.4502004,3.91046271
O3,65.01334874,2.82122677,1.62344301,4.01901054
O3,66.26592538,2.97186527,1.79611453,4.14761601
O3,67.51850202,3.12983918,1.96038849,4.29928987
O3,68.77107866,3.29274061,2.11126711,4.47421411
O3,70.02365529,3.4581617,2.24722312,4.66910029
O3,71.27623193,3.62369457,2.36989333,4.8774958
O3,72.52880857,3.78693133,2.48302283,5.09083982
O3,73.78138521,3.94558665,2.59119428,5.29997901
O3,75.03396185,4.09877721,2.69830274,5.49925168
O3,76.28653849,4.24651367,2.80649451,5.68653284
O3,77.53911513,4.38882114,2.91654431,5.86109796
O3,78.79169176,4.52572469,3.02831088,6.0231385
O3,80.0442684,4.65724943,3.14104646,6.1734524
O3,81.29684504,4.78342046,3.25361065,6.31323026
O3,82.54942168,4.90426285,3.36462668,6.44389903
O3,83.80199832,5.01980172,3.47260516,6.56699829
O3,85.05457496,5.13006215,3.57605034,6.68407397
O3,86.3071516,5.23506924,3.67355604,6.79658245
O3,87.55972824,5.33484809,3.76389239,6.90580378
O3,88.81230487,5.42942378,3.84607977,7.01276778
O3,90.06488151,5.51882141,3.91944371,7.1181991
O3,91.31745815,5.60306607,3.98364402,7.22248812
O3,92.57003479,5.68218331,4.03868124,7.32568538
O3,93.82261143,5.75621027,4.08500334,7.4274172
O3,95.07518807,5.82519649,4.12329212,7.52710086
O3,96.32776471,5.88919212,4.15417596,7.62420827
O3,97.58034134,5.94824731,4.17821622,7.7182784
O3,98.83291798,6.00241221,4.19590843,7.80891598
O3,100.08549462,6.05173696,4.2076857,7.89578823
O3,101.33807126,6.09627173,4.21392323,7.97862023
O3,102.5906479,6.13606666,4.21494339,8.05718993
O3,103.84322454,6.1711719,4.21102096,8.13132284
O3,105.09580118,6.20163759,4.20238812,8.20088706
O3,106.34837782,6.22751389,4.18923919,8.2657886
O3,107.60095445,6.24885095,4.1717348,8.32596711
O3,108.85353109,6.26569892,4.15000573,8.38139211
O3,110.10610773,6.27810795,4.12415615,8.43205975
O3,111.35868437,6.28612818,4.09426653,8.47798983
O3,112.61126101,6.28980977,4.06039608,8.51922345
O3,113.86383765,6.28920286,4.0225849,8.55582083
O3,115.11641429,6.28435762,3.98085573,8.5878595
O3,116.36899092,6.27532417,3.93521551,8.61543284
O3,117.62156756,6.26215269,3.88565669,8.63864869
O3,118.8741442,6.2448933,3.83215832,8.65762829
O3,120.12672084,6.22359618,3.77468703,8.67250533
O3,121.37929748,6.19831145,3.71319784,8.68342507
O3,122.63187412,6.16908929,3.64763491,8.69054366
O3,123.88445076,6.13597982,3.57793217,8.69402748
O3,125.13702739,6.09903321,3.50401393,8.6940525
O3,126.38960403,6.05829961,3.42579546,8.69080375
O3,127.64218067,6.01382915,3.34318355,8.68447476
O3,128.89475731,5.965672,3.25607703,8.67526698
O3,130.14733395,5.91387831,3.16436734,8.66338928
O3,131.39991059,5.85849821,3.06793914,8.64905728
O3,132.65248723,5.79958187,2.9666709,8.63249284
O3,133.90506387,5.73717943,2.86043556,8.6139233
O3,135.1576405,5.67134104,2.74910119,8.59358088
O3,136.41021714,5.60211685,2.63253176,8.57170194
O3,137.66279378,5.52955701,2.51058785,8.54852618
O3,138.91537042,5.45371168,2.38312747,8.52429588
O3,140.16794706,5.37463099,2.25000688,8.49925509
O3,141.4205237,5.2923651,2.1110814,8.4736488
O3,142.67310034,5.20696417,1.96620623,8.4477221
O3,143.92567697,5.11847833,1.81523731,8.42171935
O3,145.17825361,5.02695774,1.65803208,8.3958834
O3,146.43083025,4.93245255,1.49445025,8.37045485
O3,147.68340689,4.83501291,1.32435454,8.34567128
O3,148.93598353,4.73468897,1.14761128,8.32176666
O3,150.18856017,4.63153087,0.96409102,8.29897073
O3,151.44113681,4.52558878,0.77366902,8.27750854
O3,152.69371345,4.41691283,0.57622564,8.25760001
O3,153.94629008,4.30555318,0.37164669,8.23945966
O3,155.19886672,4.19155997,0.15982361,8.22329634
O3,156.45144336,4.07498336,-0.05934637,8.2093131
O3,157.70402,3.9558735,-0.2859602,8.1977072
